{
  "level_1": {
    "precision": 1.0,
    "recall": 0.9416666666666667,
    "f1": 0.9699570815450643,
    "predicted": 113,
    "sybil": 120
  },
  "level_2": {
    "precision": 1.0,
    "recall": 0.8,
    "f1": 0.888888888888889,
    "predicted": 96,
    "sybil": 120
  },
  "level_3": {
    "precision": 0.0,
    "recall": 0.0,
    "f1": 0.0,
    "predicted": 0,
    "sybil": 120
  },
  "level_4": {
    "precision": 1.0,
    "recall": 0.9416666666666667,
    "f1": 0.9699570815450643,
    "predicted": 113,
    "sybil": 120
  },
  "level_5": {
    "precision": 1.0,
    "recall": 0.9416666666666667,
    "f1": 0.9699570815450643,
    "predicted": 113,
    "sybil": 120
  },
  "level_6": {
    "precision": 1.0,
    "recall": 0.9416666666666667,
    "f1": 0.9699570815450643,
    "predicted": 113,
    "sybil": 120
  },
  "level_7": {
    "precision": 1.0,
    "recall": 0.8071428571428572,
    "f1": 0.8932806324110673,
    "predicted": 113,
    "sybil": 140
  },
  "level_8": {
    "precision": 1.0,
    "recall": 0.9416666666666667,
    "f1": 0.9699570815450643,
    "predicted": 113,
    "sybil": 120
  }
}