level,address_precision,address_recall,address_f1,cluster_precision,cluster_recall,cluster_f1,n_predicted_sybil_addresses
level_1,1.0,0.875,0.9333333333333333,1.0,1.0,1.0,105.0
level_2,1.0,0.7166666666666667,0.8349514563106796,1.0,0.9,0.9473684210526316,86.0
level_3,0.0,0.0,0.0,0.0,0.0,0.0,0.0
level_4,1.0,0.8333333333333334,0.9090909090909091,1.0,0.9,0.9473684210526316,100.0
level_5,1.0,0.875,0.9333333333333333,1.0,0.25,0.4,105.0
level_6,1.0,0.875,0.9333333333333333,1.0,1.0,1.0,105.0
level_7,1.0,0.75,0.8571428571428571,1.0,1.0,1.0,105.0
level_8,0.0,0.0,0.0,0.0,0.0,0.0,0.0
